{"cameraMode":{"drawMode":0,"name":"Shaded","section":"Shading Mode"},"sceneLighting":false,"audioPlay":false,"sceneViewState":{"showFog":true,"showMaterialUpdate":false,"showSkybox":false,"showFlares":true,"showImageEffects":true,"showParticleSystems":true},"in2DMode":false,"pivot":{"x":-0.03353244438767433,"y":-0.02565769851207733,"z":-0.030917417258024217},"rotation":{"x":-0.1507229059934616,"y":0.07647771388292313,"z":0.00118220632430166,"w":-0.9868991374969482},"size":0.24352921545505525,"orthographic":true}